router,packet_delivery_ratio_mean,packet_delivery_ratio_ci95,avg_delivery_latency_steps_mean,avg_delivery_latency_steps_ci95,avg_hops_per_delivered_mean,avg_hops_per_delivered_ci95,avg_total_queue_length_mean,avg_total_queue_length_ci95,transmission_attempts_mean,transmission_attempts_ci95,avg_success_rate_mean,avg_success_rate_ci95
slar-tuned,0.8114898989898991,0.02968601685377075,9.424541146038225,0.6325567786086147,3.0186633247,0.09555696906743447,2.662575757575758,0.22573389209516617,95.51515151515152,4.958437762400364,0.6190802134162989,0.02272823180998526
slar-default,0.7877525252525251,0.03161546170612118,9.906478578093385,0.59658567971259,2.6967051027816598,0.08569124485290677,2.854090909090909,0.2164338886334372,107.31818181818181,5.460872926557785,0.49449073455211395,0.0184861282115381
gpsr,0.7654040404040404,0.031287180494940045,10.364807542592747,0.5827382835578755,2.460621146944618,0.07376507660269228,3.0269696969696964,0.21122310621025722,121.37121212121212,6.265008665479473,0.39861183939831024,0.016970555571442444
slar-geo,0.7654040404040404,0.031287180494940045,10.364807542592747,0.5827382835578755,2.460621146944618,0.07376507660269228,3.0269696969696964,0.21122310621025722,121.37121212121212,6.265008665479473,0.39861183939831024,0.016970555571442444
aodv,0.7535353535353535,0.03578675122665787,11.191393633636773,0.666841296857207,2.784435894941805,0.12946755184031383,3.1990909090909088,0.23227804401413685,119.28030303030303,7.892458656507937,0.4354994391300337,0.020684061878826092
