{
  "experiment": {
    "arrival_window": 20,
    "flows": 20,
    "grid_step": 0.2,
    "reference_count": 20,
    "steps": 100,
    "test_seed_count": 3,
    "train_seed_count": 2,
    "uav_counts": [
      8,
      16,
      24
    ]
  },
  "fixed_assumptions": {
    "traffic_policy": "fixed flows and arrival window for every UAV count",
    "weight_policy": "tune once at reference count and freeze across the sweep",
    "world_bounds_policy": "fixed default world bounds for every UAV count"
  },
  "overall_ranking": [
    {
      "avg_delivery_latency_steps_ci95": 4.355832507016413,
      "avg_delivery_latency_steps_mean": 10.207625356335367,
      "avg_hops_per_delivered_ci95": 0.6061697730556114,
      "avg_hops_per_delivered_mean": 2.375085054264621,
      "avg_success_rate_ci95": 0.09772464890919151,
      "avg_success_rate_mean": 0.49903966923541493,
      "avg_total_queue_length_ci95": 1.156430354689635,
      "avg_total_queue_length_mean": 3.1533333333333338,
      "packet_delivery_ratio_ci95": 0.1954485358777269,
      "packet_delivery_ratio_mean": 0.6944444444444445,
      "router": "slar-tuned",
      "transmission_attempts_ci95": 22.90579185092813,
      "transmission_attempts_mean": 94.0
    },
    {
      "avg_delivery_latency_steps_ci95": 2.9813591926985556,
      "avg_delivery_latency_steps_mean": 12.185329777435038,
      "avg_hops_per_delivered_ci95": 0.6269847551716249,
      "avg_hops_per_delivered_mean": 2.339741983163036,
      "avg_success_rate_ci95": 0.06176317723035274,
      "avg_success_rate_mean": 0.45398562087229677,
      "avg_total_queue_length_ci95": 0.8912738299712736,
      "avg_total_queue_length_mean": 3.4566666666666666,
      "packet_delivery_ratio_ci95": 0.17554058828083552,
      "packet_delivery_ratio_mean": 0.6944444444444444,
      "router": "slar-default",
      "transmission_attempts_ci95": 23.07604971140808,
      "transmission_attempts_mean": 101.0
    },
    {
      "avg_delivery_latency_steps_ci95": 2.7524119969114555,
      "avg_delivery_latency_steps_mean": 11.96858998701104,
      "avg_hops_per_delivered_ci95": 0.4744658212091037,
      "avg_hops_per_delivered_mean": 2.1685411566990513,
      "avg_success_rate_ci95": 0.044628461464080504,
      "avg_success_rate_mean": 0.3832766618544963,
      "avg_total_queue_length_ci95": 0.8708179333935641,
      "avg_total_queue_length_mean": 3.5122222222222224,
      "packet_delivery_ratio_ci95": 0.1814031253298354,
      "packet_delivery_ratio_mean": 0.6722222222222222,
      "router": "gpsr",
      "transmission_attempts_ci95": 29.64718980193015,
      "transmission_attempts_mean": 111.88888888888889
    },
    {
      "avg_delivery_latency_steps_ci95": 2.7524119969114555,
      "avg_delivery_latency_steps_mean": 11.96858998701104,
      "avg_hops_per_delivered_ci95": 0.4744658212091037,
      "avg_hops_per_delivered_mean": 2.1685411566990513,
      "avg_success_rate_ci95": 0.044628461464080504,
      "avg_success_rate_mean": 0.3832766618544963,
      "avg_total_queue_length_ci95": 0.8708179333935641,
      "avg_total_queue_length_mean": 3.5122222222222224,
      "packet_delivery_ratio_ci95": 0.1814031253298354,
      "packet_delivery_ratio_mean": 0.6722222222222222,
      "router": "slar-geo",
      "transmission_attempts_ci95": 29.64718980193015,
      "transmission_attempts_mean": 111.88888888888889
    },
    {
      "avg_delivery_latency_steps_ci95": 3.3515066986333983,
      "avg_delivery_latency_steps_mean": 11.513198448724765,
      "avg_hops_per_delivered_ci95": 0.5799436011314135,
      "avg_hops_per_delivered_mean": 2.044965877202719,
      "avg_success_rate_ci95": 0.09964025912054829,
      "avg_success_rate_mean": 0.4212530638878767,
      "avg_total_queue_length_ci95": 0.715719434187503,
      "avg_total_queue_length_mean": 3.7655555555555558,
      "packet_delivery_ratio_ci95": 0.17924145554538706,
      "packet_delivery_ratio_mean": 0.5833333333333334,
      "router": "aodv",
      "transmission_attempts_ci95": 58.70897013432745,
      "transmission_attempts_mean": 102.44444444444444
    }
  ],
  "top_10_tuning_rows": [
    {
      "train_avg_attempts": 127.75,
      "train_avg_latency": 11.294516894139573,
      "train_avg_pdr": 0.9125,
      "train_avg_success_rate": 0.5641307646864141,
      "w_geo": 0.4,
      "w_ld": 0.0,
      "w_link": 0.6000000000000001
    },
    {
      "train_avg_attempts": 130.625,
      "train_avg_latency": 10.745307418944588,
      "train_avg_pdr": 0.8645833333333334,
      "train_avg_success_rate": 0.5126081304457374,
      "w_geo": 0.4,
      "w_ld": 0.2,
      "w_link": 0.4
    },
    {
      "train_avg_attempts": 132.0,
      "train_avg_latency": 10.470243122992905,
      "train_avg_pdr": 0.8500000000000001,
      "train_avg_success_rate": 0.649226153276195,
      "w_geo": 0.0,
      "w_ld": 0.2,
      "w_link": 0.8
    },
    {
      "train_avg_attempts": 129.625,
      "train_avg_latency": 9.850655194019533,
      "train_avg_pdr": 0.8458333333333333,
      "train_avg_success_rate": 0.5415403049482304,
      "w_geo": 0.2,
      "w_ld": 0.4,
      "w_link": 0.4
    },
    {
      "train_avg_attempts": 149.25,
      "train_avg_latency": 9.894158036021427,
      "train_avg_pdr": 0.8458333333333333,
      "train_avg_success_rate": 0.43340741928940185,
      "w_geo": 0.6000000000000001,
      "w_ld": 0.0,
      "w_link": 0.4
    },
    {
      "train_avg_attempts": 136.0,
      "train_avg_latency": 10.598052345938376,
      "train_avg_pdr": 0.8416666666666667,
      "train_avg_success_rate": 0.6455312584301967,
      "w_geo": 0.0,
      "w_ld": 0.8,
      "w_link": 0.2
    },
    {
      "train_avg_attempts": 138.75,
      "train_avg_latency": 9.746490036231883,
      "train_avg_pdr": 0.8375000000000001,
      "train_avg_success_rate": 0.6166669437118264,
      "w_geo": 0.0,
      "w_ld": 0.4,
      "w_link": 0.6000000000000001
    },
    {
      "train_avg_attempts": 132.75,
      "train_avg_latency": 10.147660887962612,
      "train_avg_pdr": 0.8333333333333333,
      "train_avg_success_rate": 0.5416073946031653,
      "w_geo": 0.2,
      "w_ld": 0.2,
      "w_link": 0.6000000000000001
    },
    {
      "train_avg_attempts": 151.375,
      "train_avg_latency": 10.180671296296296,
      "train_avg_pdr": 0.83125,
      "train_avg_success_rate": 0.42279059300747857,
      "w_geo": 1.0,
      "w_ld": 0.0,
      "w_link": 0.0
    },
    {
      "train_avg_attempts": 132.375,
      "train_avg_latency": 10.810254459874136,
      "train_avg_pdr": 0.8312499999999999,
      "train_avg_success_rate": 0.5729997917466783,
      "w_geo": 0.2,
      "w_ld": 0.0,
      "w_link": 0.8
    }
  ],
  "tuned_weights": {
    "w_geo": 0.4,
    "w_ld": 0.0,
    "w_link": 0.6000000000000001
  },
  "tuning_protocol": {
    "reference_count": 20,
    "scenarios": [
      "base",
      "traffic_heavy",
      "mobility_high",
      "shadowing_heavy"
    ]
  },
  "uav_count_results": [
    {
      "routers": [
        {
          "avg_delivery_latency_steps_ci95": 9.532273449035257,
          "avg_delivery_latency_steps_mean": 15.361111111111112,
          "avg_hops_per_delivered_ci95": 0.31621525281162216,
          "avg_hops_per_delivered_mean": 1.277777777777778,
          "avg_success_rate_ci95": 0.1875975760745136,
          "avg_success_rate_mean": 0.5758639021796915,
          "avg_total_queue_length_ci95": 2.1361177076046314,
          "avg_total_queue_length_mean": 4.733333333333333,
          "packet_delivery_ratio_ci95": 0.5171145012736736,
          "packet_delivery_ratio_mean": 0.3666666666666667,
          "router": "aodv",
          "transmission_attempts_ci95": 66.7026825816062,
          "transmission_attempts_mean": 26.0,
          "uav_count": 8
        },
        {
          "avg_delivery_latency_steps_ci95": 8.716366153152254,
          "avg_delivery_latency_steps_mean": 15.852813852813853,
          "avg_hops_per_delivered_ci95": 0.49495978482223923,
          "avg_hops_per_delivered_mean": 1.5156926406926408,