router,packet_delivery_ratio_mean,packet_delivery_ratio_ci95,avg_delivery_latency_steps_mean,avg_delivery_latency_steps_ci95,avg_hops_per_delivered_mean,avg_hops_per_delivered_ci95,avg_total_queue_length_mean,avg_total_queue_length_ci95,transmission_attempts_mean,transmission_attempts_ci95,avg_success_rate_mean,avg_success_rate_ci95
slar-tuned,0.8803030303030304,0.08742388267194054,9.65484225370589,3.1823540881361065,3.1199675324675322,0.4221885757472674,2.4463636363636363,0.7690455600031612,101.54545454545455,24.535962847659366,0.6392840172639566,0.0666245779941702
slar-default,0.8621212121212122,0.09449092480223693,9.063680637544275,2.0893524710845006,2.9172258297258296,0.36656915247489147,2.4318181818181817,0.7269261642637059,112.36363636363636,28.123494940675773,0.5450581468782546,0.06766748345783605
aodv,0.853030303030303,0.12436215519742298,10.645553589856995,2.269805233530953,3.2395234521240712,0.6135926399376688,2.7645454545454538,0.8236739729261184,144.63636363636363,37.95129782426099,0.4604773544271292,0.05113523262114398
gpsr,0.8409090909090909,0.10387892354480706,10.16233164983165,2.1998261556058103,2.7499999999999996,0.3654160220786135,2.708181818181818,0.7799806443525146,132.0,33.989824818557494,0.42629474485597196,0.04284181374665455
slar-geo,0.8409090909090909,0.10387892354480706,10.16233164983165,2.1998261556058103,2.7499999999999996,0.3654160220786135,2.708181818181818,0.7799806443525146,132.0,33.989824818557494,0.42629474485597196,0.04284181374665455
