router,packet_delivery_ratio_mean,packet_delivery_ratio_ci95,avg_delivery_latency_steps_mean,avg_delivery_latency_steps_ci95,avg_hops_per_delivered_mean,avg_hops_per_delivered_ci95,avg_total_queue_length_mean,avg_total_queue_length_ci95,transmission_attempts_mean,transmission_attempts_ci95,avg_success_rate_mean,avg_success_rate_ci95
slar-tuned,0.8116161616161617,0.07146093992470859,7.432015909395394,1.5383421091550387,2.8073043659608437,0.1716772746209193,2.3651515151515157,0.5042813621006972,94.21212121212122,10.887882323247402,0.5963306259927407,0.04666926057083194
gpsr,0.8075757575757575,0.06764156745804581,9.243747076615568,1.4298163096849736,2.5521187286967213,0.15836808491991938,2.6772727272727277,0.44936887568809725,118.72727272727273,14.114312859510237,0.42612280904068894,0.0393455166073264
slar-geo,0.8075757575757575,0.06764156745804581,9.243747076615568,1.4298163096849736,2.5521187286967213,0.15836808491991938,2.6772727272727277,0.44936887568809725,118.72727272727273,14.114312859510237,0.42612280904068894,0.0393455166073264
slar-default,0.7994949494949495,0.06494813048230767,8.056506223238562,1.367092381071909,2.728531181919164,0.15408059975759852,2.526969696969697,0.47565863410961656,105.06060606060606,12.219973040020198,0.5072876112070874,0.036306778149896204
aodv,0.7641414141414141,0.08534824525322139,9.38818435551689,1.262289954284241,2.6654346591148825,0.241808502203911,2.872121212121212,0.5212926690883195,122.33333333333333,18.076569887189436,0.41635949257358973,0.0442826910106407
